ros-rolling-rmf-scheduler-msgs (3.4.1-1noble) noble; urgency=high



 -- Marco A. Gutiérrez <marco@openrobotics.org>  Tue, 12 Nov 2024 16:00:00 -0000

ros-rolling-rmf-scheduler-msgs (3.4.0-1noble) noble; urgency=high



 -- Marco A. Gutiérrez <marco@openrobotics.org>  Tue, 11 Jun 2024 16:00:00 -0000

ros-rolling-rmf-scheduler-msgs (3.3.0-1noble) noble; urgency=high



 -- Marco A. Gutiérrez <marco@openrobotics.org>  Fri, 31 May 2024 16:00:00 -0000

ros-rolling-rmf-scheduler-msgs (3.2.1-1noble) noble; urgency=high



 -- Marco A. Gutiérrez <marco@openrobotics.org>  Thu, 14 Dec 2023 16:00:00 -0000

ros-rolling-rmf-scheduler-msgs (3.2.0-1noble) noble; urgency=high



 -- Marco A. Gutiérrez <marco@openrobotics.org>  Wed, 07 Jun 2023 16:00:00 -0000

ros-rolling-rmf-scheduler-msgs (3.1.0-1noble) noble; urgency=high

  * Switch to rst changelogs
  * Version updates from latest release synced to main (#54 <https://github.com/open-rmf/rmf_internal_msgs/pull/54>)
  * Contributors: Esteban Martinena Guerrero, Yadunund

 -- Marco A. Gutiérrez <marco@openrobotics.org>  Mon, 05 Jun 2023 16:00:00 -0000

ros-rolling-rmf-scheduler-msgs (3.0.2-1noble) noble; urgency=high



 -- Marco A. Gutiérrez <marco@openrobotics.org>  Wed, 05 Oct 2022 16:00:00 -0000

ros-rolling-rmf-scheduler-msgs (3.0.1-1noble) noble; urgency=high

  * Rmf scheduler msgs (#40 <https://github.com/open-rmf/rmf_internal_msgs/pull/40>)
  * Contributors: Teo Koon Peng

 -- Marco A. Gutiérrez <marco@openrobotics.org>  Mon, 26 Sep 2022 16:00:00 -0000


